tenure_years,engagement_score,workload_index,manager_changes_12m,promotion_last_2y,remote_status,job_level,attrition_12m
4.18,66.4,65.5,0,0,Hybrid,IC2,0
5.67,93.8,65.2,3,0,Remote,Manager,0
3.67,94.9,93.1,0,0,Onsite,IC3,0
3.29,44.7,46.0,0,0,Onsite,Manager,1
6.16,100.0,74.3,1,0,Hybrid,IC2,0
3.51,55.2,78.9,3,0,Hybrid,IC2,1
4.69,81.7,70.7,1,0,Hybrid,Manager,0
4.38,81.6,40.7,0,0,Remote,Manager,0
6.15,54.1,83.3,1,0,Hybrid,Manager,0
2.88,74.9,80.1,1,0,Hybrid,IC3,0
7.59,66.5,68.8,2,1,Hybrid,IC2,0
2.35,75.8,61.7,1,0,Remote,IC1,0
4.91,71.2,62.1,3,0,Onsite,IC2,0
4.52,84.7,56.6,0,0,Remote,Manager,0
2.18,69.1,69.5,2,0,Hybrid,IC2,0
5.19,65.6,58.6,0,1,Remote,IC3,0
3.05,83.3,42.7,1,0,Remote,Manager,0
1.63,76.1,39.1,1,1,Remote,Manager,0
5.64,78.2,44.5,1,1,Hybrid,Manager,0
1.13,58.7,62.0,0,0,Hybrid,IC2,0
1.89,53.4,57.5,1,0,Hybrid,IC2,1
3.64,60.1,61.9,1,0,Hybrid,Manager,1
6.13,59.3,67.0,2,0,Hybrid,IC1,0
5.41,79.0,46.7,0,0,Remote,IC1,0
4.14,81.7,84.4,1,0,Remote,Manager,0
0.81,65.8,53.2,0,0,Hybrid,IC3,0
2.26,88.0,50.2,1,0,Hybrid,IC2,1
2.67,87.2,66.7,1,0,Hybrid,IC1,0
1.56,71.4,24.9,0,0,Remote,IC2,0
0.6,56.5,43.8,0,1,Onsite,Manager,0
3.77,90.1,75.7,0,0,Remote,IC3,0
5.53,67.1,26.7,0,0,Hybrid,IC2,0
2.51,69.8,78.1,2,1,Remote,IC2,0
6.08,63.2,85.2,0,0,Hybrid,Manager,0
1.01,55.5,51.3,0,0,Hybrid,Manager,0
1.48,47.4,63.3,0,0,Hybrid,IC2,0
3.71,76.9,78.1,1,0,Remote,IC3,0
2.35,57.0,49.6,1,1,Hybrid,IC2,0
5.22,100.0,73.6,1,0,Remote,IC2,0
4.66,52.8,45.9,0,0,Hybrid,IC1,0
2.48,50.4,49.4,1,0,Remote,IC2,0
1.1,75.1,43.6,0,0,Remote,IC2,0
2.26,89.4,64.2,1,0,Hybrid,IC2,0
4.74,68.9,78.8,0,0,Remote,IC2,0
5.36,76.0,54.7,0,0,Remote,IC1,0
2.36,42.2,35.1,0,0,Onsite,IC1,0
0.6,58.5,38.5,0,0,Onsite,IC3,0
0.95,53.0,65.1,0,1,Onsite,IC1,0
4.48,41.5,91.2,1,0,Hybrid,IC1,0
2.45,69.6,65.1,2,0,Hybrid,Manager,0
2.5,36.6,51.0,0,0,Onsite,IC2,0
1.46,49.5,71.8,3,1,Remote,Manager,0
1.43,60.5,53.7,0,0,Hybrid,IC3,0
6.01,56.4,51.2,0,1,Remote,IC3,0
4.59,73.5,40.7,1,0,Onsite,IC2,0
2.02,72.3,83.4,1,1,Hybrid,IC1,0
3.52,80.5,12.3,0,1,Hybrid,IC3,0
3.97,78.5,72.4,1,0,Hybrid,IC3,0
9.42,84.0,49.7,1,0,Remote,IC2,0
1.33,68.0,50.6,1,0,Hybrid,IC3,0
3.93,72.2,88.5,2,0,Hybrid,IC2,0
5.99,75.2,45.1,0,0,Hybrid,Manager,0
8.72,70.0,45.8,1,0,Hybrid,IC3,0
1.94,62.4,55.7,0,1,Remote,IC1,0
2.42,63.3,65.4,0,0,Hybrid,IC3,0
5.26,56.6,50.0,0,0,Hybrid,Manager,0
0.8,73.9,29.7,0,0,Remote,IC3,0
4.21,66.7,42.4,1,0,Onsite,IC1,0
11.6,58.7,81.1,1,0,Hybrid,IC3,0
4.52,58.7,59.3,0,0,Hybrid,IC3,0
0.3,51.1,66.1,0,0,Onsite,IC2,0
1.64,81.7,53.3,2,1,Hybrid,Manager,0
1.99,69.1,46.1,0,0,Onsite,IC2,0
6.91,55.9,88.2,0,1,Hybrid,IC3,0
2.94,79.3,54.6,0,0,Hybrid,IC3,0
0.61,60.2,50.0,1,0,Remote,IC2,1
3.2,48.3,77.7,2,0,Remote,Manager,0
3.68,82.3,45.0,1,0,Hybrid,IC2,0
2.2,60.5,47.3,1,1,Remote,IC2,0
1.41,62.3,58.2,1,0,Remote,IC2,0
12.4,68.6,58.0,0,0,Hybrid,IC1,0
6.0,84.0,62.7,1,1,Hybrid,IC3,0
6.36,68.3,95.7,0,0,Remote,IC2,0
2.95,51.2,64.1,1,1,Hybrid,Manager,0
1.91,75.6,15.2,2,0,Onsite,Manager,0
2.29,61.2,63.9,0,1,Hybrid,IC3,0
1.0,94.4,58.7,0,0,Onsite,IC2,0
9.3,68.0,58.8,1,0,Hybrid,IC3,0
3.04,36.7,62.4,1,0,Remote,IC1,0
7.97,73.0,57.5,0,0,Hybrid,IC3,0
2.38,95.2,57.1,1,1,Onsite,IC2,1
4.57,90.1,69.0,2,0,Hybrid,Manager,0
3.83,93.6,48.2,0,0,Onsite,IC2,0
0.9,53.7,40.9,0,0,Onsite,IC2,0
10.06,80.8,100.0,1,1,Remote,Manager,0
2.44,57.9,45.1,1,0,Hybrid,IC2,1
1.21,71.1,59.8,3,1,Hybrid,IC3,0
5.29,50.2,31.1,1,0,Remote,Manager,0
3.32,59.0,60.1,0,1,Hybrid,IC2,0
4.28,58.5,41.2,0,0,Onsite,IC2,0
3.57,80.6,50.0,0,0,Hybrid,IC2,0
0.35,79.2,76.8,1,0,Hybrid,IC3,0
1.6,71.9,66.5,0,0,Hybrid,Manager,0
1.54,49.1,68.2,2,1,Remote,IC2,0
6.3,63.6,26.1,1,1,Onsite,IC3,0
3.41,57.6,91.1,1,0,Remote,IC2,0
4.76,80.2,36.5,0,1,Onsite,IC3,0
2.56,84.5,85.5,0,0,Hybrid,IC3,0
4.92,82.8,76.4,1,0,Hybrid,Manager,0
2.95,57.4,68.4,1,0,Hybrid,IC2,0
2.79,29.6,42.6,0,0,Remote,IC2,0
3.81,43.3,60.7,0,0,Hybrid,IC2,0
3.57,87.9,49.5,0,0,Onsite,IC1,0
14.97,62.4,58.5,0,0,Onsite,IC2,0
1.58,57.5,53.5,1,0,Remote,IC3,0
0.8,91.0,21.3,0,1,Hybrid,IC2,0
4.22,85.7,78.2,1,0,Onsite,IC2,0
1.78,68.3,56.5,0,0,Onsite,IC3,0
0.29,63.9,49.3,0,0,Hybrid,IC1,0
1.27,66.2,47.9,1,0,Remote,IC2,0
12.92,71.2,64.5,1,0,Onsite,Manager,0
1.54,90.4,41.9,1,0,Hybrid,IC1,0
0.54,73.9,17.4,1,0,Hybrid,IC2,0
12.41,78.2,65.3,0,0,Onsite,IC2,0
1.23,84.4,67.3,0,1,Remote,IC1,0
17.87,51.6,54.4,3,1,Onsite,IC2,0
2.47,78.6,37.3,1,0,Remote,IC1,0
10.09,63.9,59.6,0,1,Hybrid,IC2,0
2.74,32.8,31.6,1,1,Onsite,Manager,0
4.59,38.2,39.5,1,0,Onsite,IC2,0
3.0,53.7,44.5,0,0,Onsite,IC2,0
2.76,75.4,73.2,1,0,Onsite,IC2,0
3.97,69.6,51.5,0,0,Remote,Manager,0
4.71,70.6,49.9,0,0,Onsite,IC1,0
3.75,95.3,93.2,1,1,Onsite,IC3,0
3.47,50.2,64.3,0,0,Hybrid,IC2,0
1.8,67.6,64.1,3,0,Hybrid,Manager,0
3.09,72.3,51.3,0,0,Remote,IC2,0
9.27,57.7,47.3,1,0,Hybrid,IC1,0
1.73,68.4,18.6,2,0,Hybrid,IC2,0
4.05,45.6,75.4,0,1,Hybrid,IC1,1
7.45,87.7,66.1,1,0,Hybrid,IC3,0
4.73,58.5,54.8,0,0,Hybrid,IC3,0
6.35,96.4,55.5,1,0,Remote,IC3,0
1.21,67.5,71.3,3,0,Onsite,IC1,0
4.06,82.4,30.0,1,0,Hybrid,IC3,0
2.63,67.3,47.4,1,0,Remote,IC2,0
2.72,67.6,37.5,0,0,Remote,Manager,0
8.76,59.8,89.9,0,0,Onsite,IC3,0
2.76,69.7,73.8,5,1,Onsite,IC2,0
4.16,72.5,18.4,3,0,Remote,IC3,0
0.54,57.0,30.8,0,0,Remote,IC2,0
10.08,66.2,55.6,1,0,Hybrid,IC2,0
6.1,59.5,49.5,0,1,Remote,IC1,0
3.18,100.0,34.2,0,0,Hybrid,IC3,0
2.54,66.7,93.0,0,0,Remote,IC2,0
5.08,89.6,63.6,0,0,Hybrid,IC1,0
7.39,65.3,66.5,3,0,Hybrid,IC3,0
10.17,71.6,45.5,0,0,Hybrid,IC1,0
5.96,49.5,71.0,0,0,Hybrid,IC3,0
3.51,61.7,51.2,0,0,Remote,IC1,0
6.6,70.9,52.9,0,0,Remote,IC2,0
5.79,90.2,69.0,2,0,Remote,IC3,0
3.52,71.1,28.7,0,0,Remote,IC1,0
5.67,87.4,86.7,0,0,Onsite,IC3,0
5.6,77.0,61.3,0,0,Remote,IC3,0
3.16,90.8,81.1,0,0,Hybrid,IC3,0
2.17,67.2,38.6,1,0,Remote,IC1,0
5.27,100.0,41.4,1,0,Onsite,IC3,0
1.34,61.2,37.1,0,0,Onsite,IC2,0
1.08,57.3,62.5,0,0,Onsite,IC2,0
4.21,51.1,59.2,0,1,Hybrid,IC2,0
5.17,100.0,49.6,0,1,Onsite,IC2,0
4.18,79.5,39.7,1,0,Hybrid,IC2,0
4.52,63.3,35.2,2,0,Onsite,IC1,0
5.1,85.5,57.1,0,0,Onsite,IC2,0
8.78,77.6,49.6,0,0,Remote,IC3,0
6.03,95.5,45.7,0,0,Hybrid,IC2,0
5.91,46.3,85.8,1,1,Remote,IC1,0
3.97,64.3,56.5,0,1,Remote,IC2,0
4.08,61.5,80.9,0,0,Onsite,IC2,0
2.97,40.4,48.4,0,0,Remote,IC3,0
4.42,82.8,62.4,1,0,Hybrid,Manager,0
1.28,64.2,57.0,0,0,Onsite,IC2,0
8.81,78.4,27.4,0,0,Hybrid,IC3,0
1.63,100.0,83.7,1,1,Hybrid,IC1,0
6.02,63.1,55.6,1,1,Hybrid,Manager,0
8.08,62.1,71.4,0,0,Onsite,IC2,0
6.01,69.7,44.5,1,0,Remote,IC2,0
13.68,81.8,55.0,0,0,Remote,IC1,0
0.37,60.1,42.4,1,1,Hybrid,IC1,0
2.29,59.2,80.2,0,0,Onsite,IC3,0
7.99,82.8,63.6,1,0,Hybrid,IC2,0
1.03,73.3,64.6,0,0,Hybrid,IC2,0
1.67,39.4,82.4,0,0,Onsite,IC1,0
4.88,50.8,78.8,1,0,Remote,Manager,0
3.48,89.0,71.8,0,0,Remote,IC3,0
4.67,73.6,32.4,1,0,Hybrid,Manager,0
3.7,57.3,45.5,1,1,Remote,IC3,0
3.96,65.6,39.9,0,0,Remote,Manager,0
1.82,68.2,71.1,1,0,Hybrid,IC2,0
3.87,78.3,61.1,0,0,Hybrid,IC1,0
2.42,49.0,33.0,1,0,Hybrid,IC2,0
2.69,56.2,54.6,2,0,Hybrid,IC2,0
5.97,71.8,31.1,2,0,Hybrid,IC3,0
0.98,66.6,57.0,0,0,Hybrid,IC1,0
0.21,76.0,28.2,1,1,Onsite,IC1,0
5.67,50.8,67.5,0,0,Onsite,IC3,0
3.87,73.0,64.8,0,0,Hybrid,IC1,0
8.07,83.3,92.3,1,0,Onsite,IC1,0
1.72,74.8,73.3,1,0,Onsite,IC1,0
3.09,69.9,50.4,0,0,Remote,IC3,0
3.58,66.7,72.7,1,1,Onsite,IC1,0
2.02,56.3,32.8,0,1,Onsite,IC1,0
1.53,67.0,40.7,0,1,Hybrid,IC1,0
5.87,85.6,64.0,1,0,Remote,IC3,0
0.89,66.3,19.2,0,0,Hybrid,IC1,0
1.3,55.5,57.3,0,1,Hybrid,IC1,0
3.01,61.1,39.6,0,0,Hybrid,Manager,0
6.35,70.8,59.8,0,0,Hybrid,IC3,0
2.14,62.8,38.6,1,1,Remote,IC1,0
1.91,74.8,65.6,0,0,Remote,IC2,0
2.87,75.3,58.3,1,0,Onsite,IC1,0
4.36,80.4,83.2,0,1,Remote,IC3,0
2.52,87.9,58.1,0,0,Hybrid,IC2,0
6.92,81.9,44.2,0,0,Hybrid,Manager,0
7.12,54.9,53.6,1,0,Hybrid,IC3,0
3.01,55.4,33.8,0,1,Hybrid,IC2,0
11.33,66.9,65.3,0,0,Remote,IC1,0
3.52,61.7,68.6,0,0,Hybrid,Manager,0
6.96,52.1,100.0,0,0,Hybrid,IC3,1
4.27,61.8,46.8,0,0,Remote,IC3,0
4.21,61.4,53.2,1,0,Hybrid,IC1,0
0.68,58.6,47.6,2,0,Hybrid,IC3,1
1.2,63.6,61.8,3,0,Hybrid,IC3,0
2.63,84.5,64.9,0,0,Hybrid,Manager,0
7.08,70.8,57.0,0,0,Onsite,IC2,0
4.31,100.0,77.6,0,0,Remote,IC2,0
2.65,70.4,46.9,0,0,Remote,IC2,0
5.2,63.9,75.8,0,1,Hybrid,IC3,1
6.9,68.1,67.7,0,0,Hybrid,Manager,0
3.35,71.6,57.8,0,0,Onsite,IC2,0
3.94,74.1,52.3,2,0,Remote,IC1,0
3.58,97.1,100.0,0,0,Hybrid,IC1,0
3.19,56.2,43.3,2,0,Hybrid,IC3,0
1.7,80.0,63.4,1,0,Remote,IC3,0
1.58,70.9,44.5,0,0,Hybrid,IC1,0
5.18,46.0,90.1,2,0,Hybrid,IC2,0
6.99,78.8,74.0,0,1,Remote,Manager,0
2.65,85.7,45.8,0,0,Hybrid,IC2,0
2.6,56.0,67.2,0,0,Remote,IC1,0
0.49,67.9,62.6,2,0,Onsite,IC2,0
0.38,43.8,48.7,0,0,Remote,IC2,0
8.24,50.4,71.6,0,0,Remote,IC1,0
1.8,82.7,65.0,0,0,Remote,IC3,0
14.3,61.5,61.9,1,0,Remote,IC2,0
2.09,52.5,57.2,1,0,Remote,IC3,0
0.71,71.2,65.8,2,0,Hybrid,IC3,0
3.6,60.7,62.1,1,0,Remote,IC1,1
5.82,61.4,59.1,1,0,Hybrid,IC1,0
5.37,78.4,46.5,0,1,Remote,IC1,0
6.23,51.7,88.5,0,1,Hybrid,IC1,0
1.4,55.3,39.1,0,0,Remote,IC3,0
8.11,70.2,65.7,0,0,Hybrid,IC1,0
8.43,81.6,52.2,1,0,Hybrid,IC3,0
8.68,85.3,89.7,0,1,Hybrid,IC1,0
4.05,58.7,41.7,2,1,Remote,IC1,0
2.48,81.1,44.8,1,1,Onsite,IC1,0
2.3,57.0,40.5,0,0,Hybrid,IC2,0
0.7,93.6,63.8,1,0,Remote,IC3,0
2.13,52.1,33.3,0,1,Hybrid,IC3,0
0.19,86.6,49.4,0,0,Onsite,IC1,0
0.6,58.8,19.3,1,0,Hybrid,IC3,0
4.01,96.2,62.3,1,0,Hybrid,IC3,0
2.72,76.3,49.0,1,0,Hybrid,IC2,0
3.89,53.8,31.2,0,0,Remote,IC1,0
5.51,60.7,77.5,1,0,Onsite,IC1,0
4.43,78.9,34.5,0,1,Remote,IC1,0
4.16,82.7,72.3,0,1,Remote,Manager,0
3.11,67.0,45.4,0,1,Remote,IC2,0
1.74,68.6,86.8,0,0,Hybrid,IC2,0
1.04,78.6,71.5,1,0,Onsite,IC3,1
2.17,69.8,39.9,1,0,Onsite,IC2,0
3.15,49.9,41.5,0,1,Onsite,IC3,0
3.47,56.6,68.9,0,0,Hybrid,IC1,0
6.24,71.3,53.3,0,1,Hybrid,IC2,0
2.94,85.0,55.0,0,0,Hybrid,IC1,0
4.96,90.6,80.9,1,0,Remote,IC2,0
0.82,78.9,44.5,1,1,Onsite,IC2,0
4.06,72.0,59.6,0,0,Hybrid,IC3,0
3.85,78.5,75.2,0,1,Hybrid,IC3,0
8.11,58.7,72.6,0,0,Hybrid,IC3,0
2.72,65.9,55.1,2,0,Onsite,IC1,0
2.63,56.5,52.8,1,0,Remote,Manager,0
5.54,50.5,26.7,0,1,Hybrid,IC1,0
1.12,72.7,39.0,1,0,Hybrid,IC3,0
3.98,70.6,63.7,0,0,Onsite,IC3,0
1.07,77.6,55.5,3,1,Remote,IC2,0
10.59,75.6,59.3,1,0,Remote,IC2,0
2.35,71.4,76.7,0,1,Hybrid,IC3,0
1.0,75.8,36.6,0,1,Onsite,IC3,0
2.16,67.4,53.7,3,0,Onsite,IC1,0
4.0,73.8,61.4,0,0,Hybrid,IC3,0
4.85,57.8,45.3,0,0,Remote,IC1,0
7.83,73.2,83.8,1,0,Remote,IC2,0
1.94,77.4,74.4,0,0,Hybrid,IC3,0
5.72,58.6,63.2,1,1,Remote,IC3,0
0.6,68.7,90.3,1,0,Hybrid,IC2,1
1.31,59.3,31.0,1,0,Onsite,IC1,0
0.84,60.6,57.9,0,0,Hybrid,IC2,0
1.65,52.3,64.6,0,0,Hybrid,IC2,0
5.54,85.7,41.5,0,1,Remote,IC2,0
1.99,82.9,63.4,1,1,Remote,IC2,0
2.32,75.5,38.1,0,0,Hybrid,IC3,0
4.08,95.6,70.4,1,0,Hybrid,IC2,0
4.7,65.4,77.0,1,1,Remote,IC1,0
2.38,100.0,62.9,0,0,Remote,IC2,0
1.3,64.8,24.6,1,0,Remote,IC1,0
9.46,71.6,40.6,0,1,Hybrid,IC1,0
2.39,62.4,68.2,0,1,Hybrid,IC2,0
2.59,73.2,58.4,1,0,Hybrid,IC2,1
2.87,79.7,9.5,1,0,Hybrid,IC2,0
5.06,66.4,80.4,0,1,Remote,IC2,0
0.77,92.9,60.5,5,0,Hybrid,IC3,0
11.94,71.3,43.3,2,0,Remote,IC2,0
2.54,71.8,75.9,0,1,Onsite,IC2,0
5.19,55.3,45.8,1,0,Remote,IC1,0
1.01,73.9,45.6,1,0,Hybrid,IC1,0
3.78,66.1,64.5,0,0,Remote,IC2,0
10.74,59.5,90.1,1,0,Onsite,IC3,0
9.76,57.1,87.2,2,0,Remote,IC1,0
5.09,100.0,64.5,1,0,Onsite,IC1,0
1.56,64.3,66.3,2,0,Remote,IC2,0
7.55,47.6,72.2,1,1,Onsite,IC2,0
0.6,58.2,35.4,1,0,Hybrid,Manager,0
1.5,67.3,69.6,0,0,Remote,IC1,0
3.13,75.7,44.8,1,0,Remote,IC1,0
0.66,75.8,63.7,0,0,Hybrid,IC2,0
2.16,77.5,53.9,1,1,Onsite,IC1,0
5.8,59.0,67.0,1,0,Onsite,IC1,0
1.81,72.8,60.1,1,0,Remote,IC2,0
5.99,55.7,2.7,0,1,Hybrid,IC2,0
14.05,59.3,61.2,0,0,Remote,IC1,0
4.44,55.2,69.6,0,0,Remote,IC3,0
5.92,51.4,66.0,1,1,Hybrid,IC2,0
7.72,82.9,56.2,0,0,Hybrid,IC1,0
2.33,77.6,87.6,1,0,Remote,IC3,0
5.82,81.7,63.6,0,1,Onsite,IC2,0
2.28,68.6,65.9,0,1,Hybrid,Manager,0
4.21,78.9,76.8,0,0,Onsite,Manager,0
6.45,43.3,64.5,4,1,Remote,IC2,0
1.62,80.1,41.8,0,0,Onsite,IC1,0
0.21,70.5,14.1,2,0,Hybrid,IC3,0
1.48,76.8,49.4,0,1,Hybrid,IC2,0
7.11,73.3,71.7,2,0,Remote,IC1,0
1.32,54.2,51.6,1,1,Onsite,IC2,0
6.84,47.0,72.4,0,0,Hybrid,IC2,0
1.49,58.0,60.7,1,0,Onsite,IC3,0
2.79,75.9,81.2,1,0,Hybrid,IC3,0
3.3,77.7,52.7,0,1,Onsite,IC3,0
1.31,48.8,66.4,0,0,Hybrid,IC3,0
2.82,54.3,67.1,1,0,Onsite,IC3,0
0.71,57.9,85.0,0,0,Remote,IC2,0
2.51,63.0,27.3,1,0,Remote,Manager,0
3.09,48.9,49.7,0,0,Hybrid,Manager,0
0.23,48.1,73.3,0,0,Hybrid,IC3,0
1.47,56.5,85.8,1,0,Hybrid,IC3,0
4.12,69.2,62.3,1,0,Hybrid,IC2,0
1.17,51.5,52.7,2,0,Hybrid,IC2,0
4.63,66.4,71.6,0,0,Onsite,IC3,0
4.96,82.8,73.6,0,1,Hybrid,IC1,0
4.1,49.8,51.5,1,1,Onsite,IC1,0
5.77,65.1,63.9,0,0,Remote,IC2,0
0.66,82.3,79.2,2,0,Hybrid,IC2,0
6.65,62.1,92.0,1,0,Onsite,IC2,0
1.33,60.0,71.4,1,1,Remote,IC1,0
3.6,84.3,58.8,0,0,Hybrid,IC1,0
10.46,63.7,57.0,1,0,Hybrid,IC1,0
2.46,83.5,68.0,0,1,Hybrid,IC2,0
3.36,74.0,55.9,1,0,Hybrid,IC1,0
1.34,63.2,61.4,0,0,Remote,IC3,0
10.39,74.7,39.0,1,0,Onsite,IC2,0
1.48,72.5,81.3,1,0,Remote,IC2,0
5.27,82.3,37.5,1,0,Hybrid,IC2,0
7.71,60.3,50.2,0,1,Hybrid,IC2,0
5.63,68.6,59.8,0,0,Remote,IC3,1
4.29,67.1,93.8,0,0,Remote,IC1,0
3.55,77.9,50.4,1,1,Onsite,IC2,0
1.0,53.6,46.0,2,1,Hybrid,IC3,0
10.09,82.2,48.1,1,0,Remote,IC1,0
4.04,74.5,87.9,0,0,Onsite,IC3,0
3.36,49.6,7.4,1,0,Hybrid,Manager,0
1.23,84.9,40.0,2,0,Remote,IC3,0
3.49,99.3,100.0,0,0,Hybrid,Manager,0
3.2,82.0,68.6,0,0,Hybrid,IC2,0
10.46,88.0,38.1,2,1,Remote,IC2,0
3.36,69.2,57.2,1,0,Onsite,IC1,0
3.45,44.7,59.2,1,0,Hybrid,IC1,1
1.25,42.2,73.2,0,0,Hybrid,IC2,0
1.75,71.6,91.1,0,1,Remote,IC2,1
4.84,59.7,65.0,0,0,Onsite,IC2,0
0.52,55.2,48.3,0,0,Hybrid,IC1,0
6.62,67.1,72.2,0,0,Onsite,IC3,0
6.75,76.6,45.4,0,0,Remote,IC1,0
1.59,47.7,39.4,0,0,Onsite,IC2,0
4.3,61.7,26.3,0,1,Hybrid,IC1,0
7.88,89.1,29.8,2,0,Hybrid,IC3,0
3.0,52.9,41.9,1,0,Remote,IC2,0
2.58,80.2,36.8,1,0,Onsite,IC3,0
2.84,61.2,63.6,0,0,Remote,IC1,0
4.03,75.6,36.4,3,0,Hybrid,IC2,0
1.96,83.4,1.4,0,0,Hybrid,Manager,0
2.4,78.4,39.2,1,0,Remote,IC1,0
4.09,80.7,49.5,2,0,Onsite,IC2,0
2.24,51.9,47.1,0,1,Onsite,IC1,0
1.14,83.6,85.4,0,0,Hybrid,IC1,0
0.47,56.1,47.0,0,1,Hybrid,IC2,0
3.41,71.6,73.9,2,0,Hybrid,IC1,0
7.55,71.6,57.7,1,0,Hybrid,IC2,0
4.46,74.8,57.2,1,0,Remote,Manager,0
1.19,72.7,43.0,2,0,Hybrid,IC1,0
1.74,56.2,56.9,1,1,Hybrid,IC1,0
2.56,49.1,44.2,0,0,Hybrid,IC3,0
10.68,80.2,61.1,3,0,Hybrid,IC2,0
11.07,70.6,53.7,2,1,Remote,Manager,0
10.22,84.1,41.0,0,0,Onsite,IC2,0
3.68,67.4,75.9,0,0,Remote,IC3,0
18.0,48.3,65.7,1,0,Remote,Manager,0
1.82,81.5,49.9,0,1,Hybrid,IC1,0
2.48,62.8,60.6,0,0,Hybrid,IC3,0
6.27,72.8,56.5,1,0,Remote,IC3,0
4.11,58.9,42.4,4,1,Hybrid,IC3,0
4.28,91.0,59.3,1,0,Hybrid,IC1,0
1.39,55.7,46.8,1,1,Remote,IC2,0
3.18,63.3,41.0,2,1,Onsite,IC1,0
1.84,69.5,28.8,1,0,Hybrid,Manager,0
0.93,52.7,51.5,0,1,Hybrid,IC1,0
2.04,72.6,68.2,0,0,Remote,IC1,0
4.11,90.6,45.5,0,0,Hybrid,Manager,0
5.57,61.1,100.0,2,0,Onsite,IC2,0
0.45,73.5,73.9,2,0,Remote,IC2,0
3.3,29.5,81.5,0,0,Remote,IC2,1
3.07,67.5,72.3,1,0,Hybrid,IC3,0
3.95,63.6,91.4,1,0,Remote,IC1,0
1.21,56.5,43.8,1,0,Onsite,IC2,0
1.23,83.1,11.9,0,0,Hybrid,IC2,0
7.69,63.4,50.0,1,1,Hybrid,IC2,0
1.61,65.5,68.0,0,0,Onsite,IC2,0
2.39,62.7,60.7,1,0,Onsite,IC1,0
2.59,41.2,63.0,0,0,Onsite,IC3,0
1.87,52.2,81.8,0,0,Hybrid,IC1,1
4.73,81.5,64.9,1,0,Hybrid,IC2,0
4.44,38.5,72.4,0,0,Hybrid,IC2,0
2.97,57.3,41.1,0,0,Hybrid,IC2,0
1.97,62.4,38.3,0,1,Hybrid,IC3,0
2.78,92.4,87.1,1,0,Remote,IC2,0
3.52,78.8,59.8,0,0,Hybrid,IC3,0
1.74,60.2,46.8,1,0,Hybrid,IC3,0
4.98,86.3,46.8,0,0,Hybrid,IC3,0
6.59,57.6,46.3,2,0,Remote,IC3,0
8.59,82.1,45.2,0,0,Hybrid,IC1,0
8.24,49.0,34.9,0,0,Hybrid,Manager,0
2.58,83.0,31.0,0,0,Hybrid,IC3,0
3.65,62.3,54.5,1,0,Hybrid,IC2,0
2.92,53.6,47.3,2,0,Remote,IC1,0
2.91,65.0,77.9,1,1,Remote,IC1,0
2.77,71.9,63.3,0,0,Hybrid,IC3,0
3.35,61.1,62.8,1,0,Remote,IC2,0
7.34,75.8,44.6,1,0,Hybrid,IC3,0
4.2,59.8,55.8,0,0,Onsite,IC2,0
1.16,76.7,64.5,1,0,Remote,IC2,1
6.4,74.2,70.9,1,0,Hybrid,IC1,0
3.91,67.1,56.3,0,0,Hybrid,IC1,0
4.77,61.8,77.4,0,0,Hybrid,IC1,0
4.14,70.1,58.1,1,0,Remote,IC3,0
4.28,75.7,72.3,1,0,Remote,IC2,0
4.42,96.9,49.2,0,0,Onsite,Manager,0
0.57,81.2,25.4,0,0,Remote,IC3,0
4.72,81.7,62.8,0,0,Hybrid,IC3,0
1.81,100.0,71.1,1,0,Onsite,IC2,0
2.23,75.2,68.4,1,0,Remote,IC3,0
3.33,74.8,65.6,1,0,Hybrid,Manager,0
9.49,77.9,51.7,2,1,Remote,IC3,0
1.36,53.9,43.5,1,0,Hybrid,IC1,0
3.24,61.8,67.9,0,0,Hybrid,IC3,0
2.72,60.9,65.7,1,0,Onsite,IC1,0
6.33,77.1,47.9,4,0,Remote,IC1,0
2.66,65.6,78.0,1,0,Remote,IC3,0
3.94,69.9,42.1,0,0,Onsite,IC3,0
1.36,83.2,47.5,0,1,Remote,IC1,0
7.08,80.1,87.5,0,0,Onsite,IC1,0
0.85,65.7,73.6,2,1,Hybrid,Manager,0
4.68,58.6,51.6,0,0,Hybrid,IC1,0
3.96,83.9,63.2,1,0,Onsite,IC1,0
4.4,78.8,60.8,2,0,Hybrid,IC3,0
0.86,45.5,8.6,0,0,Remote,IC3,0
2.61,63.6,41.7,0,0,Onsite,IC2,0
6.12,70.3,57.1,0,0,Onsite,IC2,0
10.44,78.9,51.6,0,0,Onsite,IC2,0
3.06,80.7,62.4,0,0,Hybrid,IC1,0
5.73,72.0,78.3,0,0,Hybrid,IC3,0
3.68,76.2,52.2,0,0,Hybrid,IC3,1
3.18,68.9,39.0,0,0,Remote,IC2,0
2.37,58.6,63.8,1,1,Hybrid,IC2,0
3.34,64.3,52.1,1,0,Hybrid,IC2,0
5.38,68.3,55.2,0,0,Hybrid,IC1,0
5.69,67.5,52.7,0,0,Hybrid,IC2,0
1.05,41.6,98.4,1,0,Hybrid,IC1,0
2.2,62.4,17.7,1,0,Hybrid,IC3,0
1.3,68.8,51.0,1,0,Hybrid,IC2,0
3.47,64.1,57.9,0,0,Onsite,IC3,0
2.54,64.5,43.9,1,0,Hybrid,IC2,0
4.29,74.8,74.2,0,0,Remote,IC3,0
4.51,52.9,72.6,1,1,Remote,Manager,1
0.28,45.2,57.1,0,1,Hybrid,IC2,0
3.32,63.1,53.1,0,0,Hybrid,IC1,0
7.44,78.7,56.0,0,0,Onsite,IC3,0
2.2,91.6,56.1,2,0,Remote,IC1,0
2.15,78.9,56.6,0,0,Remote,IC1,0
6.58,47.4,54.6,1,0,Hybrid,IC1,0
5.88,64.7,62.5,0,0,Hybrid,Manager,0
1.43,71.6,71.6,2,0,Onsite,IC1,0
5.48,70.5,35.9,0,0,Onsite,IC2,0
1.73,75.6,39.1,0,0,Hybrid,IC2,0
2.13,55.2,26.5,2,1,Onsite,IC3,0
1.42,68.9,73.6,0,1,Remote,IC2,0
1.05,73.9,62.5,1,0,Hybrid,IC3,0
3.62,79.6,67.1,0,0,Onsite,IC3,0
0.89,56.7,32.3,1,0,Hybrid,IC2,0
3.74,63.2,90.1,0,0,Onsite,IC2,0
3.65,30.1,47.0,0,0,Remote,IC3,0
2.95,59.3,61.0,1,1,Remote,IC3,0
2.29,60.7,73.4,2,0,Hybrid,IC2,1
1.93,53.7,40.2,1,0,Onsite,IC2,0
1.26,70.3,48.2,0,1,Hybrid,IC1,0
8.63,67.2,61.2,2,0,Onsite,IC1,0
2.85,36.4,100.0,0,0,Remote,IC1,0
2.78,71.0,63.4,0,0,Hybrid,IC1,0
1.49,55.0,86.9,1,0,Hybrid,IC1,1
8.03,74.8,79.7,1,0,Remote,IC3,0
2.04,50.1,64.6,2,0,Hybrid,IC3,0
4.0,68.4,40.2,0,0,Hybrid,IC3,0
4.58,64.0,77.1,1,0,Hybrid,IC3,0
3.63,72.2,31.0,0,0,Remote,IC3,0
0.87,69.7,86.8,1,0,Remote,IC1,0
5.32,64.4,61.6,1,1,Onsite,IC3,0
2.02,46.5,10.3,0,0,Hybrid,IC2,0
5.84,47.3,51.9,1,0,Onsite,IC2,0
3.16,59.8,69.8,0,1,Hybrid,Manager,0
4.78,67.9,53.7,2,0,Onsite,IC3,0
7.68,59.5,70.9,1,0,Remote,IC1,0
5.18,76.8,42.7,0,1,Hybrid,IC3,0
4.86,64.1,34.5,2,0,Hybrid,IC1,0
5.49,54.5,56.7,0,0,Remote,IC1,0
1.67,64.1,58.6,0,0,Remote,IC1,0
6.01,71.2,51.7,0,0,Hybrid,IC1,0
2.68,72.5,80.1,2,1,Onsite,IC3,0
2.75,94.3,42.7,0,0,Hybrid,IC2,0
3.54,58.6,63.6,0,0,Remote,IC1,0
2.48,67.0,59.2,0,0,Onsite,Manager,0
1.38,74.0,30.0,1,0,Remote,IC2,0
3.34,67.7,34.3,0,0,Remote,IC2,0
2.76,61.0,58.2,2,0,Onsite,IC2,0
2.68,46.3,93.7,0,0,Onsite,IC2,1
3.09,60.8,68.4,0,0,Onsite,IC2,0
0.32,53.0,26.9,0,0,Onsite,IC3,1
2.7,43.8,2.0,1,0,Hybrid,Manager,0
8.32,56.9,71.2,0,0,Hybrid,IC2,0
7.89,53.3,56.3,0,0,Hybrid,IC2,0
3.43,76.2,78.5,1,0,Onsite,IC1,0
3.34,76.4,42.1,1,0,Onsite,IC3,0
0.22,55.3,64.3,3,0,Hybrid,IC2,0
2.12,64.4,73.2,0,0,Hybrid,IC2,0
5.45,42.0,49.9,0,0,Hybrid,Manager,0
2.44,61.1,50.3,0,1,Hybrid,IC2,0
6.76,73.6,58.5,0,0,Onsite,IC1,0
6.49,79.5,67.8,0,0,Remote,IC2,0
2.08,58.0,57.7,0,0,Hybrid,IC2,1
3.63,82.7,75.5,0,0,Onsite,Manager,0
8.77,46.8,49.7,0,0,Hybrid,IC2,0
0.85,50.5,34.1,0,0,Hybrid,IC1,0
2.48,77.9,93.6,1,0,Hybrid,IC2,0
0.76,91.4,47.1,1,1,Remote,IC2,0
1.57,74.9,47.8,2,0,Remote,IC1,1
10.49,67.4,56.8,1,0,Remote,IC3,0
2.48,37.3,59.2,1,0,Remote,IC1,0
0.44,39.7,51.0,0,0,Remote,Manager,1
1.36,69.8,57.7,1,1,Hybrid,IC3,0
0.67,63.0,57.3,0,1,Remote,IC1,0
3.73,52.5,61.1,0,0,Onsite,IC3,0
4.53,68.9,15.6,0,0,Remote,IC3,0
6.06,69.6,91.9,0,0,Hybrid,IC3,0
5.25,81.2,55.3,1,0,Onsite,IC2,0
0.89,69.9,68.5,0,0,Remote,IC1,0
4.37,85.2,33.2,1,0,Hybrid,IC1,0
2.98,68.1,49.5,0,0,Onsite,IC3,0
6.67,66.4,45.9,2,0,Hybrid,IC1,1
5.67,82.9,84.5,0,0,Remote,IC2,0
11.39,54.3,47.5,2,0,Hybrid,IC2,0
1.47,100.0,71.6,0,0,Hybrid,IC1,0
1.28,73.3,46.3,0,1,Hybrid,IC3,0
2.23,73.3,49.9,2,0,Remote,IC3,0
3.08,75.4,53.6,0,0,Remote,IC3,0
1.88,94.3,81.1,2,0,Onsite,IC1,0
1.54,79.1,24.0,1,0,Hybrid,IC2,0
4.16,45.5,34.3,0,0,Remote,IC3,0
2.22,87.6,22.9,1,0,Hybrid,IC2,0
1.81,63.2,38.4,2,0,Onsite,IC3,0
0.89,69.5,43.4,0,0,Remote,IC2,0
0.25,50.1,28.9,1,1,Remote,IC2,0
8.06,75.4,44.8,1,0,Hybrid,IC2,0
7.9,58.9,21.7,0,0,Hybrid,IC3,0
5.79,69.4,39.7,1,0,Hybrid,IC1,0
4.88,64.0,79.6,1,0,Onsite,IC3,0
2.06,95.0,65.3,0,1,Remote,IC2,0
5.02,95.8,61.4,2,1,Hybrid,IC1,0
1.19,68.7,39.9,0,0,Hybrid,IC3,0
3.56,68.9,30.4,0,0,Hybrid,IC2,0
1.68,62.8,37.5,1,0,Hybrid,IC1,0
5.03,83.5,57.2,1,0,Onsite,Manager,0
9.16,63.4,73.6,1,0,Hybrid,IC3,1
1.36,62.1,74.2,1,0,Hybrid,IC2,1
2.14,81.7,69.4,0,0,Remote,IC3,0
3.51,60.5,44.7,1,0,Hybrid,IC2,0
0.51,67.5,58.4,0,0,Hybrid,IC2,0
0.71,45.9,52.2,2,0,Hybrid,IC1,1
8.98,77.9,54.4,1,0,Remote,IC1,0
4.18,95.2,94.7,1,0,Onsite,IC2,0
1.96,78.1,26.3,0,1,Onsite,IC2,0
3.23,88.5,53.8,0,1,Onsite,IC3,0
2.24,56.2,79.8,0,0,Onsite,IC2,0
3.59,71.3,31.6,1,0,Remote,IC2,0
2.31,54.8,46.4,1,0,Hybrid,IC3,0
3.04,64.8,48.5,0,1,Hybrid,Manager,0
5.35,78.8,54.0,3,0,Onsite,IC2,0
5.11,69.4,29.3,0,0,Remote,Manager,0
8.65,48.2,68.7,1,0,Remote,IC3,0
4.39,49.6,70.0,0,0,Hybrid,IC1,0
3.39,48.7,67.2,2,0,Remote,IC2,0
9.51,74.9,42.3,0,1,Hybrid,IC1,0
2.8,96.9,59.6,1,1,Remote,IC3,0
0.28,87.1,41.8,1,0,Hybrid,IC2,0
5.84,41.5,52.0,0,0,Onsite,IC2,0
4.02,87.9,96.8,0,0,Hybrid,IC3,0
3.27,81.1,59.7,3,1,Remote,IC2,0
5.95,46.4,36.6,2,0,Remote,IC2,0
2.32,63.8,61.2,1,0,Remote,IC3,0
0.3,83.3,33.7,0,0,Remote,Manager,0
6.03,75.7,36.4,0,0,Hybrid,IC3,0
1.9,49.7,39.3,0,0,Hybrid,IC1,0
1.41,76.6,50.0,2,0,Remote,IC1,0
0.33,38.1,74.9,1,1,Remote,IC1,0
5.68,64.9,68.4,0,1,Onsite,IC2,0
0.15,83.9,67.4,0,1,Remote,IC1,0
7.64,68.3,38.2,0,0,Hybrid,Manager,0
2.51,61.0,48.3,0,0,Hybrid,IC3,0
5.87,80.5,62.9,0,0,Remote,IC2,0
4.49,81.6,46.7,0,0,Onsite,IC2,0
10.68,86.3,53.0,0,0,Remote,IC2,0
4.4,80.2,65.9,1,0,Hybrid,IC2,0
7.45,83.1,51.7,0,0,Hybrid,IC3,0
2.08,78.3,62.1,1,0,Onsite,IC1,0
0.71,71.7,86.7,1,0,Hybrid,IC3,0
6.51,69.3,54.9,1,0,Onsite,IC1,0
0.68,64.7,79.2,1,0,Hybrid,IC2,0
5.64,51.0,68.1,0,0,Hybrid,Manager,0
1.26,54.6,31.6,0,1,Hybrid,IC1,0
4.08,64.1,38.2,0,0,Hybrid,IC1,0
10.81,71.4,43.0,1,0,Hybrid,IC3,0
5.34,88.2,42.6,0,1,Remote,IC2,0
2.81,67.4,56.4,1,1,Remote,IC1,0
4.56,82.0,69.1,0,1,Hybrid,IC1,0
2.15,83.1,80.6,1,1,Remote,IC1,0
13.56,64.8,63.5,3,1,Hybrid,IC2,0
1.78,76.3,50.0,0,0,Remote,IC1,1
3.06,64.6,20.5,1,1,Hybrid,IC3,0
5.01,86.5,59.3,1,1,Hybrid,IC3,0
4.33,76.9,58.5,0,0,Hybrid,IC1,0
4.69,51.3,61.3,0,1,Hybrid,IC2,0
2.19,70.3,95.9,0,1,Remote,IC1,0
2.72,91.1,80.3,0,0,Remote,IC2,0
6.3,65.5,72.1,1,1,Hybrid,IC1,0
6.09,74.3,40.7,2,0,Onsite,IC3,0
4.4,75.6,48.8,1,0,Hybrid,IC2,0
8.08,53.5,56.3,0,0,Hybrid,IC2,0
6.48,75.1,44.0,0,0,Hybrid,IC3,0
5.97,48.5,67.0,2,1,Hybrid,IC3,0
0.67,59.2,64.4,1,1,Hybrid,IC2,0
4.37,83.1,38.4,1,0,Hybrid,IC1,0
3.81,73.0,79.5,1,1,Remote,Manager,0
8.77,63.7,59.8,2,0,Remote,IC2,0
2.93,74.3,26.9,1,1,Hybrid,IC3,0
3.58,67.2,57.1,1,0,Hybrid,IC3,0
1.24,68.2,63.1,1,0,Onsite,IC2,0
1.48,77.2,75.5,1,0,Hybrid,IC1,0
8.79,57.8,51.9,0,0,Remote,IC1,0
4.67,68.6,72.9,0,0,Onsite,IC2,0
10.82,63.6,61.4,1,0,Remote,IC2,0
2.88,45.8,34.3,1,0,Onsite,IC3,1
0.86,55.1,32.5,1,0,Remote,IC3,0
2.56,90.0,78.2,1,0,Hybrid,Manager,0
2.22,73.4,79.5,2,0,Hybrid,Manager,1
5.47,49.5,63.8,0,0,Hybrid,IC3,1
5.32,46.4,84.9,0,0,Remote,IC1,0
4.84,66.4,77.0,1,0,Remote,IC2,0
13.04,89.9,70.3,1,0,Hybrid,IC3,0
7.76,65.4,41.6,0,0,Hybrid,IC2,0
1.58,86.3,89.2,2,0,Onsite,IC1,0
6.62,72.9,67.7,2,1,Remote,IC2,0
3.41,74.6,51.1,1,0,Hybrid,IC2,0
2.82,49.3,46.0,1,1,Remote,IC2,1
8.42,81.1,62.6,0,1,Onsite,IC3,0
1.49,63.3,27.9,0,0,Onsite,IC2,0
6.32,80.1,70.6,1,0,Onsite,IC2,0
5.65,56.6,40.8,1,0,Onsite,IC2,0
1.46,70.5,64.7,0,0,Hybrid,IC2,0
0.64,72.9,48.6,1,0,Hybrid,IC1,0
3.12,65.8,53.2,0,0,Hybrid,IC2,0
7.15,73.7,44.4,1,1,Onsite,IC2,0
4.35,64.3,55.1,0,1,Hybrid,IC3,0
8.6,58.9,92.0,1,0,Hybrid,IC1,0
4.14,90.5,82.9,1,0,Onsite,Manager,0
8.98,82.7,64.4,0,0,Onsite,IC3,0
2.02,57.3,57.5,2,0,Onsite,IC2,1
4.83,76.0,73.2,1,1,Remote,IC2,0
2.41,57.6,78.3,4,0,Remote,IC2,1
3.05,51.4,43.1,1,0,Hybrid,IC3,0
3.57,82.5,56.6,1,0,Hybrid,IC3,0
4.34,44.1,25.2,0,0,Hybrid,IC3,0
1.79,81.0,78.2,0,0,Hybrid,Manager,0
4.67,64.5,95.2,0,0,Onsite,IC2,0
3.44,65.0,59.4,0,0,Remote,IC3,0
0.91,73.7,19.7,0,0,Hybrid,IC2,0
0.54,76.1,69.0,1,1,Onsite,IC3,0
7.16,56.4,41.7,2,0,Hybrid,IC2,0
2.93,78.0,46.1,0,0,Hybrid,IC3,0
0.81,69.6,69.3,2,0,Remote,IC1,0
9.96,50.4,62.6,2,0,Remote,IC1,0
5.01,65.6,49.2,1,1,Hybrid,IC2,0
4.26,87.3,46.3,1,0,Hybrid,Manager,0
1.65,91.5,60.3,0,0,Remote,IC2,0
0.9,78.0,50.6,1,0,Onsite,IC2,1
3.82,51.3,38.0,1,0,Hybrid,IC2,0
3.28,74.9,52.0,1,1,Onsite,IC2,0
1.26,79.9,64.1,1,0,Hybrid,IC3,0
1.22,78.2,54.8,0,0,Onsite,Manager,0
1.16,79.0,32.6,0,0,Remote,IC3,0
1.12,73.1,75.8,3,0,Remote,IC3,0
1.97,67.0,8.7,0,0,Onsite,IC1,0
4.26,59.5,50.0,0,0,Onsite,IC2,0
4.79,41.4,46.8,1,0,Hybrid,IC2,0
3.22,72.8,60.7,0,0,Remote,IC3,0
3.69,70.6,68.1,2,1,Hybrid,IC1,0
4.96,75.8,78.3,0,0,Onsite,IC3,0
0.38,49.3,45.2,0,0,Onsite,IC1,0
3.91,77.0,68.6,0,0,Hybrid,IC2,0
8.0,96.8,61.5,0,0,Remote,IC2,0
2.87,69.1,27.2,1,0,Hybrid,IC3,0
6.97,67.1,92.2,3,0,Hybrid,IC3,0
2.91,72.3,32.1,0,0,Hybrid,IC2,0
5.19,96.5,65.6,0,0,Hybrid,IC3,0
4.2,53.7,65.0,0,0,Onsite,IC3,0
1.14,70.8,63.0,2,0,Remote,IC2,0
1.42,56.8,49.1,0,1,Hybrid,IC3,0
8.98,60.3,72.9,1,1,Hybrid,IC1,0
6.01,67.3,29.9,1,0,Hybrid,IC2,0
3.07,86.9,56.8,0,1,Onsite,IC1,0
2.76,93.2,47.9,0,0,Hybrid,IC2,0
1.66,74.3,45.8,0,0,Hybrid,IC2,0
4.46,62.7,65.7,0,1,Remote,IC1,0
1.79,100.0,77.4,1,0,Hybrid,IC2,0
2.48,62.0,51.8,1,0,Remote,IC3,0
1.96,60.0,72.1,0,0,Remote,IC3,0
5.75,43.2,58.9,0,0,Hybrid,IC1,0
2.97,87.5,41.9,0,0,Hybrid,IC1,0
3.71,81.6,53.4,0,0,Onsite,IC2,0
1.16,100.0,52.6,0,0,Hybrid,IC3,0
1.95,48.5,45.5,3,0,Onsite,IC3,1
3.77,88.4,65.7,1,0,Hybrid,IC2,0
0.69,69.0,62.2,0,0,Hybrid,IC3,1
2.8,79.3,29.4,0,1,Onsite,IC2,0
3.3,44.9,28.3,1,0,Hybrid,Manager,0
1.02,88.6,65.6,0,0,Onsite,IC1,0
6.76,79.0,43.3,0,0,Hybrid,IC2,0
4.31,67.5,63.4,1,0,Remote,IC2,0
2.95,77.0,72.1,4,0,Hybrid,IC2,1
1.83,57.3,35.1,1,0,Remote,IC1,1
0.66,59.9,32.6,1,0,Remote,IC1,0
6.41,61.5,88.1,0,0,Remote,IC2,0
2.29,42.1,64.3,0,1,Remote,IC3,0
0.86,80.1,50.5,0,0,Hybrid,IC3,0
1.78,84.7,41.2,1,0,Onsite,IC1,0
4.64,58.2,48.8,2,0,Hybrid,IC3,0
3.99,72.9,36.6,0,0,Onsite,IC2,0
1.27,64.3,73.9,0,0,Hybrid,Manager,0
7.2,72.6,44.0,0,1,Remote,IC1,0
0.85,59.2,77.7,0,1,Remote,IC3,0
8.21,55.6,50.8,0,1,Onsite,Manager,0
3.86,82.7,39.2,0,0,Hybrid,IC3,0
2.44,67.1,50.3,1,0,Onsite,IC3,0
2.72,96.3,10.8,0,0,Hybrid,IC2,0
3.54,68.6,55.8,0,1,Hybrid,IC3,0
4.9,55.0,54.9,1,0,Onsite,IC2,0
0.53,85.2,72.8,0,0,Onsite,IC2,0
1.73,76.8,24.0,0,0,Remote,Manager,0
3.45,78.2,78.9,2,0,Onsite,IC2,0
7.38,84.7,72.8,1,1,Hybrid,IC2,0
7.19,58.9,80.5,1,0,Onsite,Manager,0
9.36,66.2,57.1,1,0,Hybrid,IC2,0
6.96,65.6,76.3,1,0,Hybrid,IC1,0
1.62,49.9,31.5,0,0,Hybrid,IC2,0
3.29,64.3,70.8,2,0,Onsite,IC3,0
6.99,86.7,44.1,1,0,Remote,IC3,0
6.53,71.3,28.3,0,0,Hybrid,IC1,0
2.83,49.2,37.8,1,0,Hybrid,IC3,0
4.81,46.2,58.1,0,1,Hybrid,IC2,0
2.28,91.3,43.2,1,0,Hybrid,IC3,0
0.77,66.7,64.8,0,0,Hybrid,IC3,0
3.04,58.9,25.5,0,0,Hybrid,Manager,0
2.89,64.2,19.7,1,0,Hybrid,IC2,0
2.19,47.3,82.7,0,0,Hybrid,IC2,1
4.92,87.9,74.3,1,0,Hybrid,IC2,0
2.76,62.5,39.1,0,0,Onsite,IC2,0
4.44,87.1,57.9,2,0,Hybrid,IC2,0
5.68,68.7,76.4,2,0,Remote,IC1,0
14.08,88.0,65.5,2,0,Hybrid,IC1,0
3.08,71.6,60.7,1,0,Remote,Manager,0
7.45,79.9,77.7,2,0,Remote,IC1,0
3.95,78.1,44.8,3,0,Onsite,IC2,0
4.12,76.7,58.6,0,0,Hybrid,IC3,0
3.11,72.9,57.7,1,1,Hybrid,IC1,0
3.69,64.7,53.1,1,0,Onsite,IC1,0
2.78,94.8,51.0,1,1,Remote,IC2,1
6.59,55.3,59.3,1,0,Remote,IC2,0
1.79,68.1,58.6,1,1,Remote,IC2,0
0.77,68.2,39.1,1,0,Remote,IC3,0
2.13,73.6,72.4,1,0,Hybrid,IC1,0
1.94,62.0,40.4,0,0,Onsite,IC1,0
2.13,72.4,54.1,0,0,Hybrid,IC1,0
2.98,65.6,52.7,0,1,Remote,IC2,0
2.13,45.9,64.4,2,0,Hybrid,IC2,0
2.95,68.1,19.9,0,0,Remote,Manager,0
2.14,52.6,74.0,0,0,Hybrid,IC1,0
4.51,43.7,45.8,1,0,Hybrid,IC2,1
13.99,69.9,80.0,0,0,Remote,IC2,0
3.89,74.8,49.4,0,1,Onsite,IC3,0
2.21,75.4,57.1,0,0,Onsite,IC3,0
0.21,75.9,92.4,0,0,Hybrid,IC1,0
11.06,40.9,53.0,0,0,Hybrid,IC3,0
4.05,48.9,80.3,1,1,Hybrid,IC2,0
2.93,95.6,58.7,0,0,Remote,IC3,0
0.23,53.3,65.5,1,0,Remote,IC1,1
3.05,76.6,59.3,2,1,Hybrid,IC3,0
3.67,58.4,73.3,2,0,Onsite,IC3,1
2.15,69.1,45.7,0,0,Hybrid,IC3,0
0.93,59.1,40.3,0,0,Hybrid,IC1,0
0.87,75.9,46.5,0,0,Hybrid,IC3,0
11.17,69.9,59.8,2,1,Hybrid,IC3,0
3.59,61.7,54.0,1,1,Remote,IC2,0
2.15,53.3,70.8,0,0,Hybrid,IC2,0
3.43,71.7,81.5,1,1,Onsite,IC1,0
3.25,51.0,40.4,2,0,Onsite,IC2,0
0.82,74.0,44.8,1,1,Onsite,IC3,0
6.3,100.0,32.1,1,0,Remote,IC2,0
2.87,86.9,94.5,0,0,Hybrid,IC3,0
3.63,78.1,63.5,0,0,Hybrid,IC3,0
8.79,66.8,66.6,0,0,Remote,IC3,0
0.96,40.9,33.9,0,0,Remote,IC3,0
1.71,49.5,58.0,1,0,Onsite,IC3,0
4.21,86.0,67.2,1,0,Hybrid,IC2,0
6.21,56.9,53.5,0,0,Hybrid,IC1,0
1.98,58.2,77.4,0,0,Remote,IC3,1
2.08,65.7,99.6,0,0,Hybrid,Manager,0
5.23,53.1,41.0,1,0,Remote,IC2,0
13.29,50.8,39.6,0,1,Remote,Manager,0
3.52,67.3,42.2,0,0,Hybrid,Manager,0
1.7,55.5,86.9,0,1,Hybrid,IC2,0
1.28,57.6,76.8,1,1,Onsite,IC3,0
2.97,57.1,55.6,0,0,Hybrid,IC3,1
6.01,75.3,58.7,1,0,Remote,IC1,0
17.12,64.8,43.3,1,0,Remote,IC1,0
2.59,65.5,74.0,0,1,Hybrid,IC2,0
3.52,76.4,51.2,2,0,Remote,IC3,0
9.96,66.0,53.3,2,1,Remote,IC2,0
4.16,64.1,69.0,1,1,Hybrid,IC3,0
3.91,74.6,54.6,1,0,Remote,IC3,0
8.71,77.4,53.8,2,0,Hybrid,IC3,0
3.59,65.9,58.2,0,0,Hybrid,IC2,0
1.38,69.1,72.3,0,0,Remote,IC2,0
7.55,57.1,87.6,2,1,Onsite,IC1,0
0.68,56.0,68.5,2,0,Hybrid,IC2,0
6.7,78.8,72.5,0,0,Hybrid,IC1,0
3.31,74.2,54.4,1,0,Remote,IC1,0
2.62,74.4,45.3,0,1,Hybrid,IC1,0
2.56,71.9,69.8,2,0,Hybrid,IC2,0
2.97,68.6,61.1,2,1,Hybrid,IC2,0
2.32,77.7,32.4,0,0,Hybrid,IC2,0
4.61,81.1,52.1,2,0,Onsite,IC3,0
2.38,80.8,56.5,1,1,Remote,IC2,0
3.33,66.6,48.8,2,0,Onsite,Manager,0
0.39,87.4,84.7,0,0,Onsite,IC3,0
3.31,71.2,66.6,0,0,Hybrid,IC1,0
2.28,76.9,82.7,3,0,Hybrid,Manager,0
6.37,71.9,62.7,1,0,Hybrid,IC3,0
2.7,71.5,59.5,0,0,Onsite,IC3,1
5.74,57.7,41.1,0,0,Hybrid,IC2,0
5.29,77.8,58.2,1,0,Hybrid,IC2,0
5.39,100.0,58.2,2,0,Remote,IC2,0
2.78,62.8,33.4,0,0,Onsite,IC3,1
3.48,69.0,48.3,2,0,Remote,IC2,0
4.52,61.8,52.2,2,1,Remote,IC1,0
3.57,61.2,65.4,1,0,Remote,IC1,0
2.71,89.6,66.3,0,0,Hybrid,IC1,0
1.51,58.6,47.5,1,0,Onsite,IC2,0
3.36,61.4,66.4,0,1,Onsite,IC2,0
0.77,45.8,54.7,0,1,Remote,Manager,0
0.35,57.4,6.3,0,1,Hybrid,IC1,0
1.2,44.1,49.3,0,1,Onsite,IC2,0
5.35,76.8,77.4,1,0,Hybrid,IC1,0
3.97,100.0,27.7,0,1,Remote,IC2,0
5.39,62.9,60.0,2,0,Hybrid,IC3,0
1.85,44.7,86.5,0,1,Hybrid,IC2,1
6.82,80.6,44.3,0,1,Onsite,Manager,0
0.87,57.8,58.0,0,1,Hybrid,Manager,0
1.24,86.2,34.5,0,0,Remote,IC3,0
6.74,64.1,87.3,2,1,Hybrid,IC3,0
3.76,59.2,56.5,1,0,Remote,IC2,0
5.41,65.5,58.8,0,0,Onsite,IC2,0
3.98,78.6,82.4,0,0,Hybrid,IC2,0
2.08,64.8,69.9,0,0,Remote,IC3,0
1.1,61.0,42.2,1,0,Hybrid,IC1,0
0.49,65.2,46.3,1,0,Remote,IC1,0
10.53,50.2,66.9,2,0,Remote,IC1,0
0.65,73.6,46.8,0,0,Hybrid,IC3,0
8.52,43.0,19.9,1,0,Onsite,IC3,0
3.6,61.8,57.0,0,0,Onsite,IC1,0
4.07,78.6,31.4,1,0,Hybrid,IC2,0
3.88,72.2,87.1,0,0,Remote,IC2,1
4.94,76.3,61.2,1,1,Hybrid,IC3,0
1.69,67.1,41.7,0,0,Hybrid,IC1,1
0.29,84.4,45.4,0,0,Remote,IC1,0
2.05,80.9,24.0,0,0,Onsite,IC3,0
4.65,74.2,38.2,0,0,Onsite,IC2,0
1.26,81.0,76.3,0,0,Remote,IC3,0
6.94,78.5,98.2,2,0,Onsite,IC2,1
3.01,61.8,71.1,0,0,Hybrid,Manager,0
1.14,49.2,56.3,1,0,Remote,IC2,1
3.73,73.9,50.2,0,0,Hybrid,IC2,0
4.59,75.6,40.8,1,0,Remote,Manager,0
4.83,83.3,95.1,3,1,Remote,IC1,1
6.74,54.9,54.6,0,0,Onsite,IC3,0
0.8,55.3,96.1,0,0,Hybrid,IC1,1
6.75,74.4,83.1,3,0,Remote,IC2,0
7.18,67.0,26.7,1,0,Hybrid,IC1,0
1.11,41.6,46.0,1,0,Onsite,IC2,0
1.34,73.3,46.0,0,0,Hybrid,IC3,0
5.6,42.1,56.6,0,0,Onsite,IC1,0
2.4,54.8,56.9,1,0,Onsite,IC1,0
7.91,86.9,100.0,0,0,Hybrid,IC2,0
9.43,93.5,38.6,0,0,Hybrid,IC2,0
1.14,51.0,62.1,0,0,Hybrid,IC2,0
1.66,63.4,69.1,1,1,Onsite,Manager,0
3.58,68.6,58.0,0,0,Hybrid,IC1,0
0.28,92.9,60.0,1,0,Remote,IC2,0
0.51,61.1,39.2,0,0,Remote,IC2,1
1.49,61.3,59.9,0,0,Hybrid,IC2,0
11.63,89.7,67.2,0,0,Onsite,IC2,0
4.01,62.8,63.9,0,0,Onsite,IC3,0
1.91,78.1,68.3,0,0,Hybrid,IC3,1
1.33,47.3,83.4,0,0,Remote,IC3,0
1.09,65.6,74.9,3,1,Remote,IC2,0
2.04,44.8,59.3,0,0,Onsite,IC3,0
1.94,53.2,36.9,2,1,Hybrid,Manager,0
2.76,79.7,47.2,0,0,Onsite,IC3,0
4.75,67.3,54.0,0,0,Remote,Manager,0
3.11,63.5,62.5,1,0,Hybrid,IC2,0
5.84,57.5,49.4,0,0,Onsite,Manager,0
2.6,64.9,41.2,2,1,Remote,IC3,0
9.91,72.2,36.6,0,0,Remote,IC3,0
5.74,81.8,28.3,2,0,Hybrid,IC3,0
3.93,31.2,53.8,1,0,Hybrid,Manager,0
4.76,56.4,31.5,1,1,Onsite,IC2,0
2.09,70.2,40.0,1,0,Onsite,IC3,0
2.72,66.6,50.9,0,1,Hybrid,IC3,0
2.64,73.6,34.0,0,1,Remote,IC3,0
1.72,71.7,64.8,0,0,Hybrid,IC3,1
0.91,63.7,71.3,0,1,Onsite,IC1,0
4.95,60.6,48.1,0,1,Hybrid,IC2,0
6.5,64.6,50.1,1,0,Onsite,IC2,0
4.45,84.1,67.7,1,0,Hybrid,IC3,0
3.1,57.8,45.1,2,0,Remote,IC3,0
12.94,67.1,43.9,1,0,Hybrid,IC3,0
1.89,70.6,79.5,0,0,Hybrid,IC3,0
4.03,89.8,73.9,0,0,Remote,IC2,0
7.15,63.8,68.8,0,0,Hybrid,IC1,0
1.21,81.4,74.7,0,0,Hybrid,IC3,0
5.22,85.2,22.4,0,0,Remote,Manager,0
10.35,67.1,82.4,0,0,Hybrid,IC3,0
3.31,65.0,65.1,3,0,Hybrid,Manager,0
3.76,63.4,76.2,0,0,Onsite,Manager,0
1.9,64.4,65.0,0,0,Hybrid,IC2,0
4.72,80.0,58.9,1,0,Onsite,IC3,0
1.68,71.2,53.0,0,0,Onsite,IC2,0
3.16,71.3,64.6,0,1,Hybrid,IC2,0
0.79,52.2,52.4,0,0,Remote,IC1,0
0.12,54.5,73.6,0,0,Onsite,IC2,0
2.25,98.0,29.4,0,0,Remote,IC1,0
2.21,65.5,48.3,0,0,Onsite,IC3,0
2.41,57.2,94.8,2,0,Hybrid,IC1,1
5.62,88.0,46.7,2,0,Hybrid,IC2,0
6.63,71.9,53.7,1,0,Hybrid,IC2,0
4.15,76.1,42.1,1,0,Hybrid,IC2,0
5.34,66.1,64.0,2,0,Onsite,IC3,0
1.73,63.5,44.7,0,0,Remote,IC2,0
1.37,65.6,54.7,0,0,Onsite,IC1,0
4.79,48.6,73.3,1,1,Remote,Manager,0
1.19,66.8,45.4,0,0,Onsite,IC3,0
1.07,72.1,72.2,1,1,Onsite,IC3,0
17.49,93.9,72.8,0,0,Hybrid,IC3,0
3.47,69.2,77.0,0,0,Remote,IC1,0
2.22,35.3,60.5,1,0,Onsite,IC3,0
2.01,66.7,100.0,0,0,Onsite,IC1,0
0.82,100.0,77.0,0,0,Hybrid,IC2,0
4.09,80.1,63.8,1,1,Hybrid,IC1,0
2.6,56.6,42.2,2,0,Onsite,IC3,0
6.5,76.3,56.3,0,0,Remote,IC2,0
4.9,57.6,83.7,1,0,Hybrid,IC2,0
2.53,49.0,88.8,0,0,Hybrid,IC1,0
0.39,63.1,84.6,0,0,Remote,IC3,0
3.48,69.3,72.1,0,0,Onsite,IC2,0
3.25,41.8,35.4,3,0,Hybrid,IC2,0
0.29,51.9,66.8,2,0,Onsite,IC2,0
4.5,68.1,35.7,1,0,Hybrid,IC3,0
1.15,62.3,31.2,0,0,Hybrid,IC1,0
6.73,73.5,62.3,1,0,Hybrid,Manager,0
3.09,51.0,67.4,0,0,Hybrid,IC2,0
1.96,78.0,74.3,0,1,Onsite,IC1,0
3.86,51.4,66.9,1,1,Hybrid,IC2,0
3.69,91.0,67.6,3,0,Onsite,IC1,0
3.58,44.0,40.3,1,0,Hybrid,IC2,0
6.13,52.7,56.1,0,0,Remote,IC2,0
4.04,73.8,30.9,2,0,Remote,Manager,0
1.81,91.3,21.9,2,0,Onsite,IC2,0
2.66,72.4,71.3,0,0,Hybrid,IC1,0
8.42,75.9,44.4,0,0,Hybrid,IC2,0
1.67,68.2,73.7,0,1,Hybrid,IC1,0
4.45,53.6,78.0,0,0,Hybrid,IC1,0
6.28,61.1,46.9,0,1,Hybrid,IC2,0
4.76,51.0,68.6,0,0,Hybrid,IC1,0
3.5,50.1,46.1,0,0,Onsite,IC1,0
3.92,73.6,24.8,2,0,Remote,Manager,0
4.98,52.3,60.2,0,0,Hybrid,IC3,1
1.65,72.5,49.5,0,0,Remote,Manager,0
3.26,49.8,50.1,0,0,Onsite,IC2,0
12.89,72.1,93.6,0,0,Hybrid,IC3,0
4.55,61.2,30.5,0,0,Hybrid,IC2,0
3.59,87.7,64.9,0,0,Onsite,IC1,0
2.45,72.5,40.1,1,0,Hybrid,IC3,0
1.67,85.3,74.3,1,0,Remote,IC1,0
4.02,57.4,63.4,0,0,Hybrid,IC2,0
4.23,68.8,64.8,1,0,Remote,IC3,0
3.09,54.3,41.0,2,0,Onsite,IC3,0
16.32,62.2,44.2,0,0,Hybrid,IC2,0
1.8,64.3,74.7,1,1,Onsite,IC2,0
1.44,57.8,89.9,0,0,Onsite,IC1,0
2.48,51.0,66.6,0,0,Onsite,Manager,0
3.17,48.2,41.8,2,0,Hybrid,IC1,0
1.59,35.2,64.1,0,1,Remote,IC2,0
3.95,53.2,100.0,2,0,Hybrid,IC1,0
4.27,76.8,59.8,0,0,Onsite,Manager,0
5.41,45.6,84.3,3,0,Onsite,IC3,0
2.16,48.8,44.7,0,0,Onsite,IC2,0
7.95,93.1,57.2,0,1,Remote,Manager,0
5.15,59.1,69.2,0,0,Remote,IC1,0
1.77,72.5,65.2,1,0,Onsite,Manager,0
1.58,77.0,44.2,3,0,Remote,IC1,0
2.62,77.3,43.4,1,0,Hybrid,IC2,0
4.28,46.7,75.8,0,0,Hybrid,IC1,0
4.74,64.8,79.4,0,1,Hybrid,Manager,0
5.15,45.3,85.2,2,1,Hybrid,Manager,0
12.36,100.0,90.5,0,1,Onsite,IC2,0
0.56,45.7,60.4,0,0,Onsite,IC1,0
3.03,53.3,52.4,0,1,Hybrid,IC2,0
11.69,53.4,82.3,1,0,Hybrid,IC2,0
5.58,47.0,70.8,1,0,Onsite,IC2,1
1.36,86.9,40.3,0,0,Hybrid,IC1,0
3.8,100.0,39.4,0,0,Hybrid,IC3,0
2.89,61.3,66.9,2,1,Hybrid,IC3,0
2.81,49.5,54.8,0,1,Remote,Manager,1
2.13,36.7,57.5,3,0,Remote,IC2,0
3.57,64.6,77.3,1,1,Onsite,IC2,0
6.98,63.6,71.7,1,0,Hybrid,IC2,1
2.29,58.9,81.9,3,0,Remote,IC1,1
5.17,71.1,23.2,3,1,Hybrid,IC3,0
5.82,73.5,62.6,0,0,Onsite,IC3,0
7.9,72.5,70.5,0,1,Hybrid,IC1,0
1.56,63.6,30.5,3,0,Hybrid,IC2,0
3.36,52.6,46.2,0,0,Remote,IC3,0
1.92,77.3,42.9,0,0,Onsite,IC2,0
3.58,68.2,58.4,1,0,Onsite,IC2,0
3.56,80.4,87.3,2,1,Hybrid,IC3,0
1.22,79.1,94.4,0,1,Hybrid,IC2,0
3.74,48.1,43.3,1,0,Hybrid,IC1,0
12.76,47.9,67.5,0,0,Onsite,IC3,0
4.75,57.4,68.1,0,0,Onsite,Manager,0
0.99,53.2,65.0,0,0,Onsite,IC1,1
1.47,78.6,65.2,2,0,Hybrid,IC1,0
3.23,72.9,63.5,1,0,Hybrid,IC3,0
1.5,83.4,88.4,2,0,Hybrid,IC3,1
7.62,73.6,77.8,0,0,Onsite,IC2,0
0.87,70.9,38.9,0,0,Remote,IC2,0
4.77,84.8,72.3,1,1,Remote,IC3,0
0.69,74.6,74.1,1,0,Hybrid,IC2,0
3.19,69.0,63.7,0,0,Hybrid,IC1,0
1.31,88.7,78.4,1,0,Onsite,IC1,0
5.4,69.6,61.4,1,0,Remote,IC2,0
6.78,63.7,61.6,0,1,Hybrid,Manager,0
4.27,56.3,60.2,0,0,Remote,IC2,0
6.99,77.8,21.7,0,0,Hybrid,IC2,0
0.19,85.3,56.6,0,1,Onsite,Manager,0
3.7,67.3,46.0,2,0,Hybrid,IC2,0
4.72,86.3,36.6,1,0,Hybrid,IC2,0
5.16,40.4,83.8,0,1,Remote,IC1,0
4.53,67.2,67.1,2,0,Hybrid,IC3,0
5.24,67.4,57.5,0,0,Onsite,IC3,0
3.67,57.8,47.8,1,1,Onsite,IC3,0
1.0,100.0,63.3,3,0,Remote,IC2,0
2.11,67.1,75.8,0,0,Hybrid,IC2,0
7.65,62.3,43.1,1,0,Hybrid,IC1,0
7.08,68.4,57.9,1,1,Remote,Manager,0
4.66,40.0,73.6,1,1,Remote,IC1,0
5.48,57.4,23.2,1,1,Remote,IC3,0
6.52,81.8,57.0,0,0,Remote,IC3,0
4.62,59.2,50.3,1,0,Onsite,IC1,0
7.5,56.4,55.6,5,1,Hybrid,IC2,0
7.34,86.3,49.0,1,0,Onsite,IC1,0
15.36,86.8,60.5,1,0,Onsite,IC2,0
2.19,75.2,92.6,1,0,Hybrid,Manager,0
2.22,61.6,52.2,0,1,Hybrid,IC2,0
4.38,64.6,63.3,0,0,Onsite,Manager,0
11.24,56.7,93.9,0,0,Remote,IC1,0
7.9,54.1,48.1,0,1,Hybrid,IC2,0
5.95,53.4,90.7,0,1,Hybrid,Manager,0
8.26,59.3,58.1,0,1,Onsite,IC3,0
4.79,53.5,90.1,1,0,Onsite,IC2,0
2.64,46.1,71.5,1,0,Onsite,IC3,0
13.07,71.1,63.5,1,0,Hybrid,Manager,0
4.54,71.3,56.8,1,0,Hybrid,IC3,0
7.23,91.8,46.8,1,1,Onsite,IC3,0
0.19,58.6,59.4,1,0,Onsite,IC1,0
0.26,72.1,74.2,0,0,Hybrid,IC1,0
3.79,72.4,57.8,0,0,Onsite,IC3,1
1.5,64.4,52.3,1,0,Onsite,IC2,0
4.05,78.4,53.5,1,1,Hybrid,IC1,0
2.22,78.9,75.9,0,0,Remote,IC2,0
16.8,72.6,80.1,0,0,Remote,IC2,0
6.84,64.4,46.0,0,0,Onsite,IC2,0
8.8,63.0,46.0,1,0,Remote,IC2,0
0.34,48.9,64.8,1,0,Hybrid,IC2,0
5.9,56.7,85.5,0,1,Hybrid,IC1,0
2.9,59.3,78.6,1,0,Onsite,IC3,0
8.91,52.3,35.5,0,0,Onsite,IC3,0
5.31,74.2,53.2,1,1,Onsite,IC1,0
3.24,84.8,41.2,0,0,Hybrid,IC2,0
1.11,55.3,53.2,0,0,Remote,IC2,0
3.74,72.0,86.9,1,0,Hybrid,IC3,0
7.53,53.5,32.4,1,0,Remote,IC3,0
9.25,63.7,28.9,0,0,Hybrid,IC3,0
2.5,58.3,43.1,0,1,Onsite,IC3,0
15.08,76.4,63.2,1,1,Hybrid,IC1,0
7.14,58.5,69.2,1,0,Hybrid,IC2,0
1.53,82.2,65.9,0,0,Hybrid,IC1,0
1.22,64.6,79.2,0,0,Onsite,IC2,0
3.05,58.9,26.3,1,0,Hybrid,IC2,0
2.5,50.5,79.4,3,0,Hybrid,IC3,1
4.81,71.5,52.4,1,0,Remote,IC1,0
3.44,80.5,71.2,0,0,Hybrid,IC3,0
2.68,71.8,34.2,2,1,Hybrid,IC2,0
0.74,99.3,58.1,2,1,Hybrid,IC2,0
5.43,88.0,62.3,1,0,Onsite,IC3,0
0.67,63.7,78.8,0,0,Remote,IC1,0
7.16,63.5,29.5,0,0,Hybrid,IC2,0
0.4,74.6,58.6,1,0,Remote,IC2,0
0.62,56.3,38.5,1,0,Remote,IC3,0
1.53,84.3,67.1,0,0,Remote,IC1,0
2.32,73.1,72.0,1,0,Remote,Manager,0
1.93,71.6,81.2,1,0,Onsite,Manager,0
2.31,77.6,48.4,2,0,Onsite,IC3,0
4.11,92.1,74.7,0,0,Hybrid,IC2,0
1.56,70.4,82.5,0,0,Hybrid,IC3,0
4.14,66.4,28.4,2,0,Onsite,IC1,0
0.19,89.1,69.0,0,0,Onsite,IC3,0
1.51,81.5,75.3,1,0,Hybrid,IC2,0
0.59,63.5,53.3,2,0,Remote,IC1,0
7.1,68.1,36.2,1,0,Hybrid,IC2,0
1.76,70.7,75.0,0,0,Onsite,IC3,1
5.19,73.1,36.4,3,0,Remote,IC3,0
0.47,49.0,54.8,0,1,Hybrid,IC2,0
9.15,46.4,57.3,1,0,Hybrid,IC2,0
3.6,55.6,70.9,0,0,Hybrid,IC3,0
3.29,54.5,46.7,0,0,Hybrid,IC3,0
0.75,59.0,45.7,1,0,Hybrid,IC3,1
1.33,76.9,59.8,0,0,Onsite,IC2,0
2.75,65.6,76.1,1,0,Onsite,IC3,1
1.38,70.7,99.2,0,1,Remote,IC3,0
6.62,50.9,30.9,0,0,Onsite,IC1,0
3.52,61.5,63.7,1,0,Onsite,IC2,0
1.4,76.2,38.4,0,0,Hybrid,IC1,0
5.93,76.3,76.3,0,0,Hybrid,IC2,1
2.45,57.9,41.1,2,1,Onsite,IC3,0
5.74,70.3,45.9,1,0,Hybrid,IC1,0
2.13,98.8,47.4,0,0,Remote,IC2,0
4.93,67.8,56.6,1,0,Hybrid,IC1,0
2.38,58.3,63.8,0,0,Remote,Manager,0
6.62,65.6,66.7,1,0,Hybrid,IC3,0
0.48,69.3,57.9,1,0,Remote,IC2,1
1.02,65.9,34.1,1,0,Hybrid,IC3,0
2.95,67.6,71.1,1,0,Hybrid,IC1,0
1.83,47.8,57.0,0,1,Onsite,IC3,0
2.32,54.5,78.9,0,0,Hybrid,IC3,1
5.35,65.9,45.3,1,0,Onsite,IC1,0
2.28,65.7,29.2,1,0,Onsite,Manager,0
4.25,60.1,57.4,1,0,Remote,IC1,0
1.5,65.5,81.3,2,0,Hybrid,IC3,0
0.36,68.9,60.9,1,0,Remote,IC1,0
5.71,80.5,54.4,0,0,Onsite,IC3,0
10.57,66.6,42.3,0,0,Hybrid,IC1,0
3.93,73.6,89.6,2,0,Hybrid,IC1,0
3.08,60.4,39.5,1,0,Remote,IC2,0
3.62,76.0,44.9,0,1,Hybrid,Manager,0
8.31,73.3,68.3,1,0,Onsite,IC2,0
3.96,80.1,24.6,0,0,Onsite,IC3,0
5.91,78.0,80.9,1,1,Remote,IC2,0
5.73,76.2,69.2,0,0,Hybrid,IC3,0
7.02,66.6,74.2,1,0,Hybrid,IC2,1
3.03,71.4,68.0,1,1,Hybrid,IC2,0
2.11,82.9,55.1,0,0,Remote,Manager,0
4.98,58.9,38.9,0,0,Hybrid,IC2,0
6.67,59.2,55.5,1,1,Onsite,IC2,0
7.57,70.5,40.4,0,0,Hybrid,Manager,0
9.01,73.8,66.8,2,0,Hybrid,IC2,0
6.26,56.5,72.5,0,0,Hybrid,IC2,0
2.01,67.0,84.6,0,0,Hybrid,IC2,0
3.92,66.7,64.7,1,0,Hybrid,IC3,0
3.66,37.0,74.6,0,0,Remote,Manager,0
3.36,64.9,52.7,0,1,Remote,IC3,0
4.98,65.8,49.4,0,0,Onsite,IC3,0
2.81,65.8,66.5,1,0,Onsite,IC2,1
2.81,87.8,51.0,0,1,Hybrid,IC1,0
11.0,51.0,62.8,0,1,Remote,IC1,0
3.16,56.5,38.9,0,0,Remote,IC1,0
6.98,31.4,42.1,0,0,Remote,IC1,0
7.26,61.3,69.4,1,0,Onsite,IC3,0
4.01,62.5,74.0,2,1,Onsite,IC1,0
2.9,60.9,40.3,1,0,Hybrid,IC1,0
1.55,83.5,70.1,0,0,Onsite,IC2,0
0.65,80.0,48.4,0,0,Remote,IC2,0
5.24,69.1,58.3,1,0,Hybrid,IC1,0
4.5,62.8,83.5,0,0,Remote,IC1,0
5.81,82.4,72.5,0,1,Hybrid,IC2,0
2.23,67.7,72.3,0,1,Onsite,IC2,0
11.75,56.5,92.4,1,0,Onsite,IC3,0
4.8,44.0,45.3,1,0,Remote,IC3,0
3.06,61.8,40.3,0,0,Remote,IC3,0
0.33,78.6,45.0,0,0,Hybrid,IC3,0
2.45,99.9,53.4,0,0,Remote,Manager,0
6.0,68.9,15.6,1,0,Hybrid,IC2,0
8.85,57.3,54.3,0,0,Hybrid,IC3,0
3.45,51.4,48.2,1,0,Hybrid,IC2,0
9.84,75.7,72.1,0,0,Hybrid,IC2,0
1.45,43.3,64.3,2,0,Remote,IC2,0
4.6,75.7,47.2,1,0,Onsite,IC1,0
4.7,79.4,68.6,2,0,Hybrid,IC3,0
5.27,74.1,71.0,0,0,Hybrid,IC1,0
3.83,64.9,44.2,1,0,Hybrid,IC3,0
4.42,75.9,49.1,0,1,Hybrid,IC3,0
1.41,70.4,17.9,4,1,Remote,IC2,0
8.28,57.1,38.4,1,0,Remote,IC1,0
6.51,93.9,44.6,1,0,Hybrid,IC2,0
4.29,63.1,59.3,1,0,Hybrid,IC2,1
6.62,78.9,41.0,1,0,Remote,Manager,0
8.46,34.1,48.8,0,1,Hybrid,IC3,0
5.22,85.9,35.9,0,0,Onsite,IC3,0
12.59,88.6,61.1,0,0,Remote,IC2,0
5.53,68.4,65.7,1,0,Remote,IC3,0
1.63,75.8,65.2,1,0,Hybrid,IC3,1
4.13,75.8,58.2,0,0,Hybrid,IC1,0
6.8,59.0,30.3,1,1,Hybrid,IC1,0
8.47,75.7,46.8,0,0,Hybrid,IC1,0
3.89,56.7,50.7,0,0,Hybrid,IC2,0
1.51,59.5,50.7,0,0,Hybrid,IC3,0
2.85,83.8,59.3,1,1,Hybrid,IC3,0
0.94,81.6,83.7,0,0,Onsite,IC2,0
5.94,58.1,72.6,1,0,Remote,Manager,0
2.42,57.7,40.2,1,0,Hybrid,IC1,1
1.87,59.0,70.2,1,0,Hybrid,IC1,0
6.36,78.3,69.5,0,0,Hybrid,Manager,0
9.71,54.0,43.5,2,0,Remote,Manager,0
1.86,73.0,73.3,1,0,Hybrid,IC3,0
3.91,78.5,55.1,2,0,Hybrid,IC2,0
2.95,66.8,32.6,0,0,Remote,Manager,0
8.73,82.1,66.2,0,0,Hybrid,IC3,0
3.22,63.7,61.9,1,0,Onsite,IC3,0
1.38,65.0,53.9,0,1,Hybrid,IC1,0
3.35,54.3,57.3,1,0,Remote,IC2,0
7.52,82.2,45.1,0,0,Onsite,IC3,0
2.81,57.3,69.0,1,0,Remote,IC3,0
2.04,72.9,57.2,1,0,Onsite,IC2,0
3.11,67.0,61.0,0,0,Hybrid,IC2,0
1.42,53.3,64.4,1,0,Remote,IC3,0
2.95,59.5,37.2,1,0,Onsite,IC2,0
2.18,87.4,41.9,5,0,Hybrid,IC2,0
14.11,70.8,18.2,0,1,Hybrid,IC1,0
0.44,53.9,68.2,4,0,Hybrid,IC1,1
1.62,72.3,36.2,4,1,Hybrid,IC3,0
2.04,66.0,60.4,1,0,Hybrid,IC1,0
1.43,100.0,64.7,1,0,Onsite,IC1,0
4.63,72.0,68.8,0,0,Remote,Manager,0
1.83,62.7,36.3,0,0,Hybrid,IC3,0
0.84,87.9,56.8,0,0,Hybrid,IC1,0
3.65,42.2,88.1,0,0,Hybrid,IC2,0
2.68,69.3,88.9,2,1,Hybrid,IC3,0
1.91,95.9,75.8,0,1,Hybrid,IC2,0
8.59,66.4,64.1,0,0,Onsite,IC2,0
4.75,43.7,39.9,2,0,Hybrid,IC2,1
4.37,62.5,70.9,2,0,Remote,IC1,0
4.83,88.4,55.2,2,1,Hybrid,IC3,0
4.65,73.3,68.1,0,0,Remote,IC1,0
2.79,56.3,46.6,0,0,Remote,IC2,0
1.85,58.4,54.9,0,0,Remote,IC1,1
3.71,60.2,61.0,2,0,Hybrid,IC1,0
2.75,73.1,62.4,1,0,Onsite,IC1,0
0.43,86.7,66.9,0,0,Hybrid,IC3,0
1.32,82.7,47.6,1,0,Remote,IC1,0
2.48,74.4,33.8,0,0,Onsite,IC2,0
6.45,49.4,87.2,0,0,Remote,IC1,0
3.72,49.4,100.0,0,0,Onsite,IC3,0
1.57,75.5,66.1,2,1,Hybrid,IC2,1
1.21,49.2,34.2,1,0,Remote,Manager,0
7.43,64.8,44.1,1,0,Hybrid,IC3,0
2.9,72.3,67.2,0,0,Hybrid,IC2,0
0.06,52.1,82.1,1,0,Onsite,IC3,0
3.05,53.7,36.2,0,1,Remote,IC1,0
5.51,66.7,55.8,0,0,Onsite,Manager,0
1.17,75.1,61.5,1,1,Onsite,Manager,0
3.51,82.9,73.6,0,0,Onsite,IC2,0
3.77,76.5,51.8,1,0,Onsite,IC3,0
1.24,69.0,29.9,1,0,Remote,IC1,0
7.9,57.6,69.2,2,0,Hybrid,IC2,0
3.82,53.0,78.2,1,0,Onsite,IC3,0
2.46,60.8,56.5,2,1,Hybrid,Manager,0
2.91,73.7,65.3,2,1,Remote,IC2,0
1.02,72.7,49.5,0,0,Hybrid,IC3,0
0.98,38.6,42.8,2,1,Remote,IC3,0
2.28,57.0,76.5,0,1,Onsite,IC1,0
2.4,84.9,65.0,1,0,Hybrid,IC3,0
2.76,69.1,66.8,1,0,Hybrid,IC3,0
8.37,48.2,85.0,0,0,Onsite,IC3,0
5.3,100.0,39.0,0,0,Hybrid,Manager,0
0.53,67.6,48.1,0,0,Onsite,IC1,0
7.32,73.4,60.8,1,1,Remote,IC1,0
2.26,73.6,47.8,1,0,Remote,IC1,0
5.67,62.9,72.1,0,0,Remote,IC1,0
2.42,57.8,54.6,1,0,Hybrid,IC2,0
3.64,97.7,40.1,0,0,Hybrid,IC3,0
1.1,82.0,59.2,0,0,Hybrid,IC2,0
4.26,79.5,61.1,2,0,Remote,IC3,0
6.13,76.1,74.8,1,0,Remote,IC2,0
0.66,54.0,65.1,1,0,Hybrid,IC2,0
6.2,85.9,66.3,2,0,Remote,IC3,0
1.84,56.2,63.8,0,0,Onsite,IC3,1
10.22,72.0,54.6,0,0,Onsite,IC2,0
5.74,45.0,45.1,0,0,Hybrid,Manager,0
5.06,39.4,63.2,0,0,Hybrid,IC2,0
2.93,72.5,52.0,0,0,Hybrid,IC1,1
15.81,56.7,88.4,1,1,Hybrid,IC2,0
2.27,40.2,82.2,1,0,Onsite,IC3,0
1.35,75.6,69.4,1,1,Onsite,IC2,0
1.9,97.7,64.8,1,1,Hybrid,IC3,0
6.91,87.5,56.4,0,0,Hybrid,IC2,0
3.58,64.4,35.3,2,0,Onsite,IC2,0
3.19,68.1,54.1,0,0,Remote,IC3,0
2.3,80.4,59.8,0,1,Hybrid,IC2,0
3.06,83.7,62.1,2,0,Hybrid,IC2,0
2.17,63.2,66.5,0,0,Hybrid,IC1,0
5.4,68.5,74.6,0,0,Hybrid,IC2,0
2.71,72.2,45.5,2,0,Hybrid,IC2,0
1.93,75.8,45.7,2,0,Remote,IC1,1
6.52,66.1,84.1,0,0,Hybrid,IC2,0
1.39,66.3,71.9,1,0,Onsite,IC1,0
3.62,87.3,51.0,1,1,Onsite,IC1,0
0.43,84.9,56.1,0,0,Hybrid,IC2,0
0.89,74.7,56.2,1,0,Remote,IC2,0
2.48,92.1,58.6,0,0,Onsite,IC3,0
2.14,62.6,66.5,1,1,Hybrid,IC3,0
2.13,90.7,100.0,0,0,Hybrid,IC2,0
5.78,75.6,61.4,2,1,Hybrid,IC1,0
6.02,100.0,69.9,1,0,Remote,IC2,0
4.17,51.3,27.6,0,1,Onsite,IC1,0
1.32,58.3,49.3,1,0,Hybrid,IC2,0
